path	bytes	sha256
native/BUILD-NOTES-MAINNET.md	17117	8ef6b3e99ee6fe8cac5317aba5313ce9457065e1ee850e12495651b6c0b4a8d3
native/build.rs	385	766867350dfa7555fe979e336dcf8bfc5d1c8f2a98e61c514a03cbe129b2eec6
native/Cargo.lock	106426	8d81fb3dfda6815d896cff42d89198edc38449248fa579d6abee9627b4f8c50f
native/Cargo.toml	10671	006ccd48ecce9a8a7d22151afa29fc35f3e19b39bf849dde8ca6a05971c6f5b8
native/src/chain_restart.rs	28962	7b91df7cc9f0563f945e8c3e1e0360807e64983e1d8a80c9ae68a8f3654c62a0
native/src/lib.rs	143075	5f7c8b8f746b0990a9decc45db10990c1a2a5ec4370e5bbcba6a97b57e224505
native/src/lock_discipline_tests.rs	16440	73545fe6950f2b83746972831c260d8e06c238af8ddf07f791e7eb506ec3c71d
native/src/macos_auth.m	2881	7a7bec21e8453a55c6c60d1d99187d38fd38e5e5d647f708d298b04d7e110183
native/vendor/.gitattributes	47	fe58b92ea0ed00ce70d7a80480ee25c5f64481aa19dba272267c1e24a6aec5e4
native/vendor/README.md	5226	a460f1f1c4742c21686b9d1d75cbb70fe4ccba419447ffd5c1a4968719f560d8
native/vendor/zcash_address/.cargo/config.toml	664	b1273961ede961c02aa4bca683276eaf5fba0ef259399256aab4a4ab565c0d1a
native/vendor/zcash_address/.cargo_vcs_info.json	118	f218658ee588ffe410977d5805d0adb7ab55ab8da116f88b6a9bb216c585249d
native/vendor/zcash_address/Cargo.lock	16929	9c6dc3c7232e6500b59cf033631907314046200f53778c9259f5549eff640375
native/vendor/zcash_address/Cargo.toml	2254	6d3ab0d3207612516a49acaac96c3eb82b8d1b4bfe75440ed30c9f62535b7063
native/vendor/zcash_address/Cargo.toml.orig	1132	622e247cbfa783f9909c6c4ab3060ebcb5af32e1105ddc2862fe408f6bd05515
native/vendor/zcash_address/CHANGELOG.md	4081	0c3d267e651b98682c8b81ba2d0b5cc5dffcaf7ca31510b8f46c47a9d4b026bb
native/vendor/zcash_address/LICENSE-APACHE	10848	3708458dee7f359ac6c9c5558023ed481be87e5372c43ebd7f2ca7ad23c12026
native/vendor/zcash_address/LICENSE-MIT	1088	e205942aefc85685b201f7ef18a65e40926ad2f8df962b772cf1097a165a4cbe
native/vendor/zcash_address/proptest-regressions/kind/unified/address.txt	871	25ef657c9cc2842b3cb01567ea6a8faf4dce8f7585061389abc31ba312f24f80
native/vendor/zcash_address/proptest-regressions/kind/unified/fvk.txt	1220	290a273418f80b7aa41adbe09dc81e2abc7f9d211280483f172b2f5c2056197a
native/vendor/zcash_address/proptest-regressions/kind/unified.txt	600	40fd376a3f952be26166675628085d1c179f7c71eca88fe192feeff47d73b8fd
native/vendor/zcash_address/README.md	668	af43e96a715df0b7cf8c903eed7a2eeba3e8fe401e6ddd45c17c0b50b76a8eed
native/vendor/zcash_address/src/convert.rs	12197	460a92b779817ceb1e51b8b4acbfcdc9e1d807f60a9284c5c042f8620827a14b
native/vendor/zcash_address/src/encoding.rs	25019	03a15d32fca179dc1a356382d0c40d8948697d6af1917fd04fa47f7cfc57d4c2
native/vendor/zcash_address/src/kind/unified/address/test_vectors.rs	92567	586204852fe27e4cb0703fdecea988c409f37d0a1c2eb5a87aabce289402c9ba
native/vendor/zcash_address/src/kind/unified/address.rs	19423	f1075612c3970ab860c8aa709ae1b19d9dd7b3d6fad8b93b4097d8bd7dfcae81
native/vendor/zcash_address/src/kind/unified/fvk.rs	17453	e4f238ef9b8abe4833368f21a69b6b7f9e1483d1518a14ec5aab8e13400e8b5c
native/vendor/zcash_address/src/kind/unified/ivk.rs	15882	abc21da55b3643cbb8cb87cf11a63c1e6406f0bfbc11e3e747d15881859387f0
native/vendor/zcash_address/src/kind/unified.rs	19113	57b6cfb47acf98c7d499817669627728444898a4d188d6321d80668b99741fac
native/vendor/zcash_address/src/kind.rs	17	1e1cac26248df3cbe9959d287d59160893b5b7ae273e76d9e344d2947b0d1417
native/vendor/zcash_address/src/lib.rs	16630	8b1675dbc7d7e49b7cb1617cfee8106497da8143591c9c9c12edce6264431bbe
native/vendor/zcash_address/src/test_vectors.rs	1791	f52113a65186e8571d36b872fa997537789634265daeb3be0e30ea14c76f9def
native/vendor/zcash_primitives/.cargo/config.toml	1329	8c5ea0441c743bc2f0a058c8860180b388b3387472392c9ce4774e09f33dc70f
native/vendor/zcash_primitives/.cargo_vcs_info.json	110	ace01da3e245ae6f29ee4175c9931e466534786a2ee2d2dacfa6251838e2a360
native/vendor/zcash_primitives/benches/note_decryption.rs	4940	c511e8bcf47eafd40082d2145c4b7e4a1a636b3c28f4d28b60714b514b53e19a
native/vendor/zcash_primitives/Cargo.lock	60652	d188cb6e77be364f1b6124137cae1cd32d5f0fc1f6657cb9d3239d69c6f17e82
native/vendor/zcash_primitives/Cargo.toml	5160	40a4bf70e454799e712c34bfcf154f548f0833f875c6649d7055c1f3bd61ffb8
native/vendor/zcash_primitives/Cargo.toml.orig	4275	0f9d7608036ef24caee1993ea7edf48c3fdd6b34b87f813f80c12ffbd8929aff
native/vendor/zcash_primitives/CHANGELOG.md	77382	1de76b88a64c84b6d8baae6df71f82eaeefb8c560932960ba0ea4403cc4d3e33
native/vendor/zcash_primitives/LICENSE-APACHE	10848	3708458dee7f359ac6c9c5558023ed481be87e5372c43ebd7f2ca7ad23c12026
native/vendor/zcash_primitives/LICENSE-MIT	1093	5746c0bdf1827f3ae16352345242bd67da23fda8e2d7e504264bc1aaea21c678
native/vendor/zcash_primitives/proptest-regressions/merkle_tree/incremental.txt	1107	f3305f0ddd2f785c79627b560bd788156bb17962890509c653afd655b028d544
native/vendor/zcash_primitives/proptest-regressions/merkle_tree.txt	1451	d2f6d8e67b1b1ea277ab37bd28c0b1928f989493d24f0ba2f26e939ba614fddc
native/vendor/zcash_primitives/proptest-regressions/transaction/tests.txt	295	7b399ee10d2b804509749410134488ac533b14c1e4c7cd73d8a2b24f03a3bbac
native/vendor/zcash_primitives/README.md	591	9e7f286a9fa33fd0110fd845b91104f36e6b5436222d1fa6014e4f30307dca74
native/vendor/zcash_primitives/src/block.rs	23635	10bcceab220ab13b680f2461a27f375b292ad50a76abad9f6b1eeefdbac9628c
native/vendor/zcash_primitives/src/encoding.rs	2244	ea5912560f2c21a11481392a95a361b2cb0f2160e319c5529034300a6d27c4df
native/vendor/zcash_primitives/src/lib.rs	779	c98e5f8821a7a621efb81686391d09f33a215e7ca5df05972017d2b076110fd6
native/vendor/zcash_primitives/src/merkle_tree.rs	115122	7e7584087d2cba5be0d69192535a5d6f377b5a1f2fb11854a5a4d8d61add6c72
native/vendor/zcash_primitives/src/transaction/builder.rs	120193	2731814a1fff5f1321880ef80314e93a3ab81f9a5255f35003622bc413e25137
native/vendor/zcash_primitives/src/transaction/components/orchard.rs	24110	7914df72f4403cc9ce9c048debcf425d44a5a523001f6b80f3f5105a92b6608b
native/vendor/zcash_primitives/src/transaction/components/sapling.rs	25022	3e66b46da26b0023010777a8d483bd7a7c4b2a4659a9adddc986f6d8cedac781
native/vendor/zcash_primitives/src/transaction/components/sprout.rs	8128	6b70b0178ea3334a46daf7e6071dfe237b0b91be931be74883a5793010b64cf4
native/vendor/zcash_primitives/src/transaction/components.rs	228	01ded28e2e67b2a3420dc7b20ad6e785b3e4a77c44e2a976421feb54d9f39c91
native/vendor/zcash_primitives/src/transaction/fees/fixed.rs	1231	d95362cfd01c55cce089d826d05f15ea18efd05ae8bf0fd1ab3091485809a320
native/vendor/zcash_primitives/src/transaction/fees/transparent.rs	3878	531200a6aab1a990c335af28cb880f2751a17132e5d84848440b840cd3a7bca7
native/vendor/zcash_primitives/src/transaction/fees/zip317.rs	8869	27b7ab7afa932b9a214516d239c1d2b88f7677ef46021d1938e8c1970e645c77
native/vendor/zcash_primitives/src/transaction/fees.rs	1339	e85c578cbc2916338cec03d1a378167d25dfb66003771f1f4b296c215ddf53be
native/vendor/zcash_primitives/src/transaction/mod.rs	49000	c9ae339eba41e7af10ac5cde47592d06ff796e07d69b39bdc0b0c2bd9a6dbe37
native/vendor/zcash_primitives/src/transaction/sighash_v4.rs	8975	59239c04ed59d0d5d19c58274524eeb0f588a4f690154d344ae880fa5f72183a
native/vendor/zcash_primitives/src/transaction/sighash_v5.rs	6221	13155ec1c819691f552d7bc364e3f7bbf24b9d7fa780dd922ddf8f423ab6fb2c
native/vendor/zcash_primitives/src/transaction/sighash_v6.rs	1126	76aa108bca4d920e5d889fe22318398b260b15a55ab5979bb71a228de9ba3b67
native/vendor/zcash_primitives/src/transaction/sighash.rs	1722	5845daa386eea2e316488aa591bdb39388cc62fbb6e4517ac16c906645d3a084
native/vendor/zcash_primitives/src/transaction/tests/data/zip_0233.rs	783427	a565d802a96f02968689f9186b880444ba9790a2fcd0f3d25f3193460f184efd
native/vendor/zcash_primitives/src/transaction/tests/data.rs	684905	97e2a2e8c108f82a0b49b5445bebef001857f3dcd9dfdc3be60e1eaa60b7a2f1
native/vendor/zcash_primitives/src/transaction/tests.rs	38116	61faaac9ad0ba67a5af17d39375c1e28a51e0e2885b8758819ce1ce6ef28b85f
native/vendor/zcash_primitives/src/transaction/txid.rs	24188	3cf7e5ce386e1270dfaf71f21ea37d1322609311a586301ed2df15f7fb0fac84
native/vendor/zcash_protocol/.cargo_vcs_info.json	119	ac0d4edf4e08b787dd51cc8c79b8b75b99efd044c302fa23aa373718dcf4b987
native/vendor/zcash_protocol/Cargo.lock	13599	74fafcfb5bbb30dbc709f1569166563984c0143eb5b74c85f0bad918d7947e5d
native/vendor/zcash_protocol/Cargo.toml	2330	2a0006ad712ca32bb53aedbee3b3b487ecb97c016eab411d53a9634722488bac
native/vendor/zcash_protocol/Cargo.toml.orig	1599	bcbe58fc7234f6ca0ba8d68fddb8a538e6d76831ec5158e27ac32fa357f5fe8f
native/vendor/zcash_protocol/CHANGELOG.md	12440	995fd5aed3ef34cb066f7c270b5935a1a29c0da9f493e8e16f11e2eb02ddc0a5
native/vendor/zcash_protocol/LICENSE-APACHE	10848	3708458dee7f359ac6c9c5558023ed481be87e5372c43ebd7f2ca7ad23c12026
native/vendor/zcash_protocol/LICENSE-MIT	1093	f3e4d7ec962e170da7bebee8b1b7c2d7fdb5141d665d89f8467f4770a4b9a7e0
native/vendor/zcash_protocol/README.md	561	44c8c413cd4fe1f6e2446e4937ce50ea08184b3eb31ee13d4315561366a90884
native/vendor/zcash_protocol/src/consensus.rs	52197	6e5276ee852f812ab95ea7313b02e991063abab33f8c1bd931079663c9e06cd8
native/vendor/zcash_protocol/src/constants/mainnet.rs	3333	1866c65de4572c0d43874a3594c2b33004e982ef0a8301f3452435db597bc32e
native/vendor/zcash_protocol/src/constants/regtest.rs	3718	d1222b68366f035c1092815549ba2549ca122f40e40a1631fb54f1a3ae06dd0d
native/vendor/zcash_protocol/src/constants/swarm_mainnet.rs	10069	749c352f3677f1ef8b2ee961af12cbf52a6a483359523feb0dcc6ce326e0805a
native/vendor/zcash_protocol/src/constants/testnet.rs	3395	d04c13100110314e6d77f521c2bbe12fe6429594e85711a759cce83bbc8bcd6a
native/vendor/zcash_protocol/src/constants.rs	2356	17c75f5ee7bc15d9483ac30a13b386f5590567bf368a469fb23a4694ca3eaae1
native/vendor/zcash_protocol/src/lib.rs	2867	9def3b5138d0eae8153fc730cb4f033b75b8a8db00313062d7cf470b03d5ba23
native/vendor/zcash_protocol/src/local_consensus.rs	10092	7ee43c7b88e21f943587a5344ea3299f9d02632a54d16af50bbff5240103a9bb
native/vendor/zcash_protocol/src/memo.rs	18347	24a4f6444e20add60ec0b558a52125b38f161c394e64b6b07f44757426af076d
native/vendor/zcash_protocol/src/txid.rs	4047	7d19917afcf7b8f98fee478e50411673aed1d03883a0691800420bf783ffe02b
native/vendor/zcash_protocol/src/value.rs	19311	f44c8a8740df244cbd3f01ace6d8343382fa414d22a2b7269feb4fe264b6eccc
native/vendor/zcash_protocol/src/zip318.rs	53366	3a0a8ea3a98978fbae2f9186aa0515dd0250e1567a7d7b099e53836574d1beba
native/vendor/zcash_transparent/.cargo/config.toml	855	159ceb47555871cae1092fb8d7f5bac4ec106d2948913519dfcf61d3d7679172
native/vendor/zcash_transparent/.cargo_vcs_info.json	111	9217d3179a3ecb1524affc3442f7705d428f076dd7351bea131af586b539d650
native/vendor/zcash_transparent/Cargo.lock	24883	6b8a56103de3b4a4980ac88b067093e26bec165057f834cc2a6bb8da6c049492
native/vendor/zcash_transparent/Cargo.toml	3159	135e735f355a94df44dc6e136e9b2773dc8208eec65b7aa2d150ff17bb41f5d2
native/vendor/zcash_transparent/Cargo.toml.orig	2165	0e20697d836b306786b4af6889a5c6f1c2f3a5d1fb8304737149366bbd4cc8bb
native/vendor/zcash_transparent/CHANGELOG.md	10445	1f1327af4080a2fb1fb7c0b4422b5490d49c1c1419dd5eae6f31205e3824b1fc
native/vendor/zcash_transparent/LICENSE-APACHE	10848	3708458dee7f359ac6c9c5558023ed481be87e5372c43ebd7f2ca7ad23c12026
native/vendor/zcash_transparent/LICENSE-MIT	1093	4e4148baf65ea0c815c65481c6add35545e32611edab6653d263a0e850135d2c
native/vendor/zcash_transparent/README.md	574	4d2d0ef479336a34afa01c5b97c59e463671f06d6b2f015b8febfd50e248bed1
native/vendor/zcash_transparent/src/address.rs	8545	99c8f9f6d1031ad74dad0f40dc1eb064fedaf38893f3c787a3fcbf355e9aa020
native/vendor/zcash_transparent/src/builder.rs	44665	58617b3bfb1f29179dd7d97e74f3460f830e3d3be86b134548f9b7ee2631e360
native/vendor/zcash_transparent/src/bundle.rs	16351	61a4bd9b83e0d3951d22acc8d4aac8e04c3f27b98fe3e6290eed4794a14d400d
native/vendor/zcash_transparent/src/coinbase.rs	2327	aa3ba16769a0377c6616e2de244f707a12c3ca5ca20ca71003f9028586039404
native/vendor/zcash_transparent/src/keys.rs	31891	4fe87c091483ea3739afd6768c341f03aff42b412e9b005c3651a1d1fe51f9d0
native/vendor/zcash_transparent/src/lib.rs	514	6143fcd0e33c0d4978931c1dbe09cfa21d01c33880511a0fd0c31314e83304e0
native/vendor/zcash_transparent/src/pczt/parse.rs	7135	29e3e6528ec401f92f67db5e61997952871c7124cb65bc8042fbd6fc1f898ab0
native/vendor/zcash_transparent/src/pczt/signer.rs	7619	649d4cceba018fa10763bcce7cb3b319967bce5c579a8db46b8f1b7f1c6afdab
native/vendor/zcash_transparent/src/pczt/spend_finalizer.rs	7624	36991e63b9aecfcea0b5b77c4d2c60e3f97a4c3270e7d311143974734310e49a
native/vendor/zcash_transparent/src/pczt/tx_extractor.rs	3441	fbc34ffca7f11fc41da31bf32afc4b87bf26d5eb55d5922961081f5695c060a5
native/vendor/zcash_transparent/src/pczt/updater.rs	5807	5451e8746f1a5108d7facedd6bb372978c671918c150f9b8ccf9814e5bbc789d
native/vendor/zcash_transparent/src/pczt/verify.rs	2297	9045b2585a927470ba9502cadb711076af10e2ac1aaa3dedab74a061c427fbac
native/vendor/zcash_transparent/src/pczt.rs	12508	e8a81622e381fcb9d4bc98379da8aebaa6237e571371666e23106b9b24d13acc
native/vendor/zcash_transparent/src/sighash.rs	4879	bd4fee53ff85b95c5ff8357a8c7a44bf2c0105dd1ec692aeee48042536ba2d70
native/vendor/zcash_transparent/src/test_vectors/zip_0048.rs	79558	70733b9d0e1dd96bd1e0532e6f461f026adc541eb46d06e9d3109fdc1d42199f
native/vendor/zcash_transparent/src/test_vectors.rs	25954	2175ee629fe2b960eb29300e9ff687e9a6c36a42551f24fc1c13cf127328e06a
native/vendor/zcash_transparent/src/util/hash160.rs	2086	a813a76278afe5125733f3219585270fb88521cfbc061554d8f938fa3e923dc5
native/vendor/zcash_transparent/src/util/mod.rs	94	f59746e68267b6ce74ba40c9971820cfb3384f9884f77a4a25173a1222137e69
native/vendor/zcash_transparent/src/util/sha256d.rs	1609	89f5102feeaddd0b5d4895f563d84997631b36863b2743eb65cb33bce0da1ed0
native/vendor/zcash_transparent/src/zip48.rs	20072	2d5b77cc03af98ebca6a29f4ed76d1068307f4c2c6da10354bb8c792a1b4381e
